sr_no,district,coordinates ,population,state,geographical_forest_area_sq_km,forest_cover_percentage,forest_cover_change_2021
1,Alluri Sitharama Raju,"17.76,81.70","10,38,591",Andhra Pradesh,"6,917.32",55.58,-101.69
2,Anakapalli,"17.69,83.00","16,13,567",Andhra Pradesh,706.31,18.36,-9.62
3,Ananthapuramu,"14.68,77.60","17,12,215",Andhra Pradesh,245.45,2.41,-0.68
4,Annamayya,"14.07,78.93","14,51,473",Andhra Pradesh,"2,356.35",25.86,-5.16
5,Bapatla,"15.89,80.47","13,98,545",Andhra Pradesh,113.86,2.93,2.1
6,Chittoor,"13.19,79.10","15,65,864",Andhra Pradesh,"1,246.31",18.79,-5.44
7,East Godavari,"16.99,82.20","14,73,828",Andhra Pradesh,403.17,15.55,-6.07
8,Eluru,"16.71,81.09","18,16,520",Andhra Pradesh,"1,689.54",25.59,-8.38
9,Guntur,"16.30,80.44","9,25,600",Andhra Pradesh,13.34,0.55,0.25
10,Kakinada,"16.96,82.22","16,32,856",Andhra Pradesh,544.13,17.66,4.12
11,Konaseema,"16.63,82.00","16,33,520",Andhra Pradesh,421,17.68,10.68
12,Krishna,"16.19,80.95","13,99,353",Andhra Pradesh,174.6,4.58,9.34
13,Kurnool,"15.82,78.03","16,48,625",Andhra Pradesh,71.48,0.9,-2.2
14,Nandyal,"15.48,78.48","14,46,982",Andhra Pradesh,"2,098.76",21.6,-6.3
15,Ntr,"16.48,80.41","10,58,118",Andhra Pradesh,363.37,11.05,-8.96
16,Palnadu,"16.34,79.82","15,91,268",Andhra Pradesh,769.54,10.55,-12
17,Parvathipuram Manyam,"18.78,83.41","8,87,627",Andhra Pradesh,"1,006.46",26.47,-29.19
18,Prakasam,"15.52,79.94","19,43,623",Andhra Pradesh,"3,250.93",22.77,-6.97
19,Sri Potti Sriramulu Nellore,"14.44,79.98","17,93,326",Andhra Pradesh,"1,160.51",11.27,17.77
20,Sri Sathya Sai,"14.00,77.63","14,78,417",Andhra Pradesh,755.77,8.45,0.78
21,Srikakulam,"18.29,83.90","21,78,221",Andhra Pradesh,577.9,13.04,6.04
22,Tirupati,"13.63,79.42","15,33,037",Andhra Pradesh,"2,104.03",24.2,-21.45
23,Visakhapatnam,"17.70,83.22","1,94,038",Andhra Pradesh,272.45,28.61,-4.76
24,Vizianagaram,"18.11,83.40","17,72,518",Andhra Pradesh,413.82,9.99,35.35
25,West Godavari,"16.73,81.16","13,71,903",Andhra Pradesh,60.96,2.84,9.16
26,Y.S.R.,"14.47,78.82","13,48,836",Andhra Pradesh,"2,347.60",23.48,-5.38
27,Anjaw,"28.04,96.84","21,407",Arunachal Pradesh,"4,237.43",68.62,-8
28,Changlang,"27.13,96.16","1,40,115",Arunachal Pradesh,"4,433.87",84.49,50.16
29,Dibang Valley,"28.73,95.90","10,286",Arunachal Pradesh,"6,455.08",66.51,-7.44
30,East Kameng,"27.32,92.93","57,430",Arunachal Pradesh,"3,814.24",86.28,-29.33
31,East Siang,"28.06,95.35","50,537",Arunachal Pradesh,"4,189.15",86.24,-1.75
32,Kamle,"27.80,94.07","26,322",Arunachal Pradesh,"1,317.60",98.38,-5.63
33,Kra Daadi,"28.02,93.70","51,325",Arunachal Pradesh,"1,666.17",69.59,-4.27
34,Kurung Kumey,"27.79,93.68","54,741",Arunachal Pradesh,"3,548.62",77.47,-21.7
35,Leparada,"27.84,94.49","19,389",Arunachal Pradesh,698.72,88.07,-10.66
36,Lohit,"27.86,96.22","36,083",Arunachal Pradesh,"2,393.15",75.26,-2.54
37,Longding,"26.91,95.16","68,023",Arunachal Pradesh,630.08,65.37,-9.8
38,Lower Dibang Valley,"28.18,95.83","57,751",Arunachal Pradesh,"2,591.34",70.03,12.66
39,Lower Siang,"27.85,94.49","31,946",Arunachal Pradesh,"1,718.71",88.69,-9.02
40,Lower Subansiri,"27.59,93.81","61,447",Arunachal Pradesh,"1,763.27",89.91,-14.99
41,Namsai,"27.58,95.83","86,933",Arunachal Pradesh,740.34,63.81,7.84
42,Pakke Kessang,"27.27,92.95","19,278",Arunachal Pradesh,"1,783.35",90.44,-11.46
43,Papum Pare,"27.11,93.69","1,46,404",Arunachal Pradesh,"3,177.17",92.06,-5.4
44,Shi Yomi,"28.84,94.88","14,064",Arunachal Pradesh,"2,230.98",74.56,35.45
45,Siang,"28.20,95.06","35,178",Arunachal Pradesh,"1,155.98",46.98,-6.84
46,Tawang,"27.58,91.85","51,328",Arunachal Pradesh,840.17,79.53,-37.78
47,Tirap,"27.20,95.53","55,819",Arunachal Pradesh,"5,408.57",80.69,2.54
48,Upper Siang,"28.78,95.05","40,676",Arunachal Pradesh,"5,552.68",92.67,16.23
49,Upper Subansiri,"28.20,93.88","64,332",Arunachal Pradesh,"4,312.48",85.62,-9.43
50,West Kameng,"27.22,92.36","85,092",Arunachal Pradesh,"1,222.42",73.58,-20.01
51,West Siang,"28.25,94.75","41,268",Arunachal Pradesh,"2,755.88",77.52,-2.84
52,Bajali,"26.47,91.13","2,83,339",Assam,952.69,29.97,0.67
53,Baksa,"26.75,91.31","6,78,677",Assam,586.51,24,7.43
54,Barpeta,"26.32,91.00","13,89,719",Assam,119.58,5.24,-0.77
55,Biswanath,"26.70,93.20","8,15,418",Assam,358.32,16.11,5.21
56,Bongaigaon,"26.47,90.54","7,50,736",Assam,236.68,20.76,-1.47
57,Cachar,"24.81,92.78","17,84,217",Assam,"2,184.51",57.79,-16.77
58,Charaideo,"26.92,94.90","4,80,690",Assam,360.71,35.54,0.47
59,Chirang,"26.68,90.67","6,38,290",Assam,707.36,37.02,-14.38
60,Darrang,"26.43,92.05","10,36,022",Assam,113.91,7.18,2.61
61,Dhemaji,"27.48,94.57","8,07,033",Assam,294.03,11.7,15.36
62,Dhubri,"26.02,89.97","14,86,827",Assam,88.49,5.42,1.94
63,Dibrugarh,"27.47,94.91","13,31,234",Assam,766.59,22.57,0.64
64,Dima Hasao,"25.17,93.02","2,06,736",Assam,"4,034.91",82.68,-93.27
65,Goalpara,"26.17,90.61","10,93,301",Assam,434.86,22.73,11.6
66,Golaghat,"26.52,93.97","11,50,973",Assam,660.7,20.55,36.06
67,Hailakandi,"24.69,92.57","7,17,948",Assam,773.18,58.22,-16.6
68,Hojai,"26.08,92.74","9,10,349",Assam,448.69,30.73,0.52
69,Jorhat,"26.75,94.21","9,12,478",Assam,598.53,32.09,18.79
70,Kamrup,"26.17,91.73","17,72,029",Assam,982.77,31.43,6.3
71,Kamrup Metro,"26.18,91.74","2,70,871",Assam,471.03,48.51,-2.11
72,Karbi Anglong,"25.86,93.43","10,52,717",Assam,"5,624.62",76.85,22.88
73,Karimganj,"24.87,92.36","12,78,617",Assam,840.95,46.38,-2.7
74,Kokrajhar,"26.40,90.27","10,47,385",Assam,"1,142.69",36.73,-3.16
75,Lakhimpur,"27.22,94.10","11,32,239",Assam,426.05,14.56,11.05
76,MAJULI,"26.98,94.16","2,32,844",Assam,34.76,2.72,4.24
77,Marigaon,"26.15,92.34","11,05,671",Assam,195.7,12.94,3.25
78,Nagaon,"26.35,92.68","19,65,366",Assam,486.43,18.93,-0.02
79,Nalbari,"26.43,91.49","8,59,851",Assam,113.74,10.81,0.08
80,Sivasagar,"26.98,94.63","8,78,829",Assam,338.2,20.77,3.9
81,Sonitpur,"26.71,92.93","13,97,709",Assam,720.1,23.86,-2.02
82,South Salmara Mancachar,"25.53,90.07","4,41,709",Assam,24.14,3.99,-1.94
83,Tinsukia,"27.50,95.36","11,77,554",Assam,"1,578.76",41.11,3.65
84,Udalguri,"26.76,92.11","9,82,992",Assam,411.85,20.46,-3.33
85,West Karbi Anglong,"25.86,92.56","3,35,050",Assam,"2,154.20",70.15,-9.2
86,Tamulpur,"26.75,91.30","4,60,625",Assam,952.69,29.97,0.67
87,Araria,"26.15,87.52","29,83,351",Bihar,146.64,5.18,-1.64
88,Arwal,"25.26,84.67","7,91,011",Bihar,4.02,0.63,0
89,Aurangabad,"24.75,84.37","27,54,834",Bihar,157.78,4.77,3.97
90,Banka,"24.87,86.91","16,56,321",Bihar,295.52,9.79,19.16
91,Begusarai,"25.42,86.13","31,93,893",Bihar,79.5,4.14,-5.31
92,Bhagalpur,"25.24,86.97","24,49,213",Bihar,103.31,4.02,33.82
93,Bhojpur,"25.56,84.66","21,86,780",Bihar,31.57,1.32,-0.98
94,Buxar,"25.57,83.97","15,17,947",Bihar,6.01,0.35,-0.11
95,DARBHANGA,"26.15,85.89","37,86,787",Bihar,144.23,6.33,6.69
96,East Champaran,"26.65,84.97","49,34,332",Bihar,187.42,4.72,19.44
97,Gaya,"24.78,85.00","42,96,615",Bihar,622.49,12.51,10.76
98,Gopalganj,"26.47,84.44","23,43,011",Bihar,11.3,0.56,2.64
99,Jamui,"24.91,86.22","13,94,026",Bihar,670.84,21.65,5.24
100,Jehanabad,"25.22,85.00","9,95,051",Bihar,6.1,0.66,1.3
101,Kaimur (bhabua),"25.04,83.59","16,99,121",Bihar,1025.68,30.51,-35.35
102,Katihar,"25.53,87.58","26,07,857",Bihar,65.39,2.14,3.63
103,Khagaria,"25.51,86.48","13,45,502",Bihar,17.62,1.19,-0.5
104,Kishanganj,"25.79,87.94","15,02,026",Bihar,95.27,5.06,-7.56
105,Lakhisarai,"25.20,86.09","9,05,622",Bihar,169.54,13.81,1.38
106,Madhepura,"25.92,86.78","22,97,219",Bihar,60.01,3.36,6.17
107,Madhubani,"26.37,86.07","48,18,394",Bihar,232.18,6.63,25.71
108,Munger,"25.38,86.47","12,24,032",Bihar,306.01,21.57,3.3
109,Muzaffarpur,"26.12,85.39","45,00,638",Bihar,175.76,5.54,6.31
110,Nalanda,"25.26,85.50","25,92,027",Bihar,44.81,1.9,5.41
111,Nawada,"24.89,85.54","23,85,812",Bihar,506.3,20.3,-9.76
112,Patna,"25.60,85.11","35,71,956",Bihar,28.37,0.89,0
113,Purnia,"25.77,87.47","29,47,975",Bihar,60.68,1.88,5.09
114,Rohtas,"24.95,84.07","25,66,523",Bihar,668.06,17.35,1.66
115,Saharsa,"25.88,86.60","18,04,514",Bihar,35.83,2.12,2.86
116,Samastipur,"25.87,85.78","39,66,841",Bihar,149.24,5.14,-4
117,Saran,"25.78,84.77","35,25,605",Bihar,62.79,2.38,3.4
118,Sheikhpura,"25.12,85.83","5,74,823",Bihar,0.82,0.12,0
119,Sheohar,"26.52,85.29","5,56,095",Bihar,30.43,8.72,3.84
120,Sitamarhi,"26.60,85.49","27,91,056",Bihar,151.9,6.62,12.99
121,Siwan,"26.20,84.36","30,61,145",Bihar,9.41,0.42,2
122,Supaul,"26.11,86.61","24,39,140",Bihar,142.46,5.87,6.19
123,VAISHALI,"25.68,85.19","32,32,539",Bihar,118.93,5.84,0.05
124,Chandigarh,"30.73,76.77","12,66,000",Chandigarh,25.00,21.93,1.20
125,Balod,"20.72,81.01","8,28,100",Chattisgarh,743.71,22.05,4.27
126,Balodabazar-Bhatapara,"21.65,82.16","9,75,950",Chattisgarh,"1,019.48",21.99,1.56
127,Balrampur-Ramanujganj,"23.95,83.82","9,14,497",Chattisgarh,"3,134.46",50.13,-6.45
128,Bastar,"19.07,82.02","7,55,821",Chattisgarh,"2,099.91",38.92,19.2
129,Bemetara,"21.75,81.48","8,94,407",Chattisgarh,7.51,0.26,-0.9
130,Bijapur,"18.80,80.81","2,41,908",Chattisgarh,"7,092.77",83.16,10.12
131,Bilaspur,"22.08,82.14","10,17,736",Chattisgarh,680.47,19.22,8.04
132,Gaurela-Pendra-Marwahi,"22.98,81.95","3,28,672",Chattisgarh,755.97,37.96,8.25
133,Dantewada,"18.90,81.35","2,47,284",Chattisgarh,"1,295.40",45.9,6.86
134,Dhamtari,"20.71,81.55","6,62,620",Chattisgarh,"1,861.07",45.57,0.47
135,Durg,"21.19,81.28","7,01,498",Chattisgarh,25.43,1.11,-1.81
136,Gariyaband,"20.63,82.11","5,79,669",Chattisgarh,"2,577.15",53.2,-11.02
137,Janjgir-champa,"22.01,82.57","10,29,423",Chattisgarh,152.61,3.96,-2.42
138,Jashpur,"22.89,83.56","10,17,690",Chattisgarh,"2,127.09",36.44,-1.68
139,Kabeerdham,"22.02,81.24","8,79,814",Chattisgarh,"1,532.58",36.19,-8.44
140,Kondagaon,"19.59,81.67","6,10,930",Chattisgarh,"2,165.50",42.67,-7.54
141,Korba,"22.35,82.69","9,00,199",Chattisgarh,"3,396.31",51.47,-3.66
142,Korea,"23.36,82.55","2,47,017",Chattisgarh,"4,108.04",62.2,-3.24
143,Mahasamund,"21.10,82.10","11,88,622",Chattisgarh,946.91,19.77,-5.05
144,Mungeli,"22.07,81.68","7,31,069",Chattisgarh,"1,038.52",37.91,-17.27
145,Narayanpur,"19.72,81.24","1,49,459",Chattisgarh,"3,181.96",68.38,1.73
146,Raigarh,"21.90,83.40","9,65,384",Chattisgarh,"2,617.90",36.94,-1.03
147,Raipur,"21.25,81.63","8,80,648",Chattisgarh,46.71,1.61,0.13
148,Rajnandgaon,"21.08,81.01","6,96,771",Chattisgarh,"2,540.95",31.49,-4.38
149,Sukma,"18.39,81.67","2,89,729",Chattisgarh,"3,250.21",59.35,-2.27
150,Surajpur,"23.22,82.85","8,15,871",Chattisgarh,"2,527.69",46.19,-3.1
151,Surguja,"23.15,83.20","9,23,478",Chattisgarh,"1,430.08",35.7,-1.75
152,Uttar Bastar Kanker,"20.27,81.49","7,46,123",Chattisgarh,"3,455.36",48.25,2.25
153,Khairagarh-Chhuikhadan-Gandai,"21.41,80.99","3,25,674",Chattisgarh,"1,993.28",37.07107143,-0.6832142857
154,Manendragarh-Chirmiri-Bharatpur(M C B),"23.21,82.19","3,44,099",Chattisgarh,"2,037.90",37.60753827,-0.8601147959
155,Mohla-Manpur-Ambagarh Chouki,"20.89,80.70","3,33,895",Chattisgarh,"2,074.28",38.16530749,-0.9465474672
156,SARANGARH-BILAIGARH,"21.59,83.05","6,62,716",Chattisgarh,"2,036.41",37.73799704,-0.749995591
157,SAKTI,"22.02,82.95","7,46,310",Chattisgarh,"2,034.15",37.69578265,-1.462495434
158,Dadra And Nagar Haveli,"20.2764,73.0083","2,45,444",Dadar & Nagar Havali,202.7,41.28,-2.83
159,Daman,"20.4132,72.8512","1,46,891",Daman & Diu,12.87,17.88,2.15
160,Diu,"20.7144,70.9822","28,083",Daman & Diu,10.05,25.77,0.36
161,Central Delhi,"28.64,77.22","6,69,493",Delhi,12.17,11.37,0.06
162,East Delhi,"28.62,77.28","19,65,235",Delhi,1.93,6.03,-0.05
163,New Delhi,"28.61,77.20","163,262",Delhi,48.64,31.18,-0.91
164,North Delhi,"28.71,77.16","1,020,908",Delhi,11.72,4.03,0.6
165,North East Delhi,"28.70,77.28","2,577,195",Delhi,2.38,6.8,0.15
166,North West Delhi,"28.72,77.13","4,203,923",Delhi,5.72,3.71,-0.29
167,Shahdara,"28.67,77.31","322,931",Delhi,0.90,2.65,-0.01
168,South Delhi,"28.53,77.21","3,140,899",Delhi,70.89,44.58,0.9
169,South-East Delhi,"28.55,77.25","637,775",Delhi,19.54,19.35,-0.44
170,South West Delhi,"28.54,77.05","2,636,214",Delhi,12.65,4.47,0.5
171,West Delhi,"28.64,77.08","2,923,966",Delhi,8.74,6.67,-0.59
172,North Goa,"15.4989,73.8278","5,66,950",Goa,950.19,54.73,-0.9
173,South Goa,"15.2758,73.9592","5,70,275",Goa,1315.53,66.91,-0.6
174,Ahmedabad,"23.02,72.57","13,24,917",Gujarat,115.20,1.59,20.97
175,Amreli,"21.60,71.20","12,31,225",Gujarat,280.74,3.84,23.55
176,Anand,"22.56,72.95","19,07,833",Gujarat,56.01,1.76,22.68
177,Arvalli,"23.59,73.23","12,13,614",Gujarat,279.54,8.87,17.13
178,Banas Kantha,"24.15,72.48","30,83,207",Gujarat,812.51,7.54,-4.67
179,Bharuch,"21.70,72.99","13,15,522",Gujarat,298.98,4.59,11.93
180,Bhavnagar,"21.76,72.15","14,33,439",Gujarat,302.99,3.56,44.80
181,Botad,"22.17,71.67","4,93,497",Gujarat,12.58,0.51,-1.14
182,CHHOTAUDEPUR,"22.29,73.75","11,96,319",Gujarat,453.81,13.14,-13.02
183,Dahod,"22.73,74.25","20,82,470",Gujarat,442.54,12.14,-30.52
184,Dangs,"20.75,73.74","2,28,224",Gujarat,1265.09,71.47,-88.94
185,Devbhumi Dwarka,"22.38,69.01","5,93,653",Gujarat,200.74,3.16,19.18
186,Gandhinagar,"23.25,72.64","11,56,454",Gujarat,114.75,5.45,23.09
187,Gir Somnath,"20.88,70.36","9,27,661",Gujarat,262.83,9.93,14.50
188,Jamnagar,"22.47,70.06","6,82,314",Gujarat,308.97,4.06,-6.19
189,Junagadh,"21.52,70.47","10,38,881",Gujarat,"1,526.53",24.83,7.74
190,Kachchh,"23.73,70.21","16,28,203",Gujarat,"2,731.90",5.98,237.78
191,Kheda,"22.70,72.76","20,71,178",Gujarat,61.61,1.79,12.11
192,MAHESANA,"23.58,72.37","18,51,338",Gujarat,181.62,4.11,26.60
193,Mahisagar,"23.10,73.55","10,45,056",Gujarat,293.83,11.7,-10.13
194,Morbi,"22.82,70.82","7,83,454",Gujarat,146.43,2.94,10.16
195,NARMADA,"21.87,73.54","6,25,184",Gujarat,854.18,30.31,-68.46
196,Navsari,"20.95,72.92","16,65,261",Gujarat,333.62,14.96,-1.90
197,Panch Mahals,"22.73,73.61","19,12,579",Gujarat,392.11,11.95,-27.31
198,Patan,"23.88,72.11","12,21,268",Gujarat,112.57,1.94,21.89
199,Porbandar,"21.64,69.60","3,24,997",Gujarat,143.85,6.22,16.97
200,Rajkot,"22.30,70.79","13,80,097",Gujarat,60.07,0.78,6.26
201,Sabar Kantha,"23.60,72.95","14,75,385",Gujarat,559.67,13.16,18.41
202,Surat,"21.17,72.83","19,09,596",Gujarat,495.86,10.86,-1.36
203,Surendranagar,"22.72,71.64","11,84,675",Gujarat,145.33,1.58,11.24
204,Tapi,"21.14,73.52","12,12,089",Gujarat,717.44,22.86,-79.6
205,Vadodara,"22.30,73.19","13,77,721",Gujarat,151.02,3.69,28.31
206,Valsad,"20.60,72.93","21,65,105",Gujarat,901.72,29.98,-81.99
207,Ambala,"30.38,76.77","6,17,034",Haryana,56.67,3.6,4.08
208,Bhiwani,"28.78,76.13","10,08,566",Haryana,62.61,1.85,-1.89
209,Charki Dadri,"28.59,76.28","4,48,901",Haryana,45.92,3.32,-1.24
210,Faridabad,"28.40,77.31","2,43,135",Haryana,78.43,10.58,-1.08
211,Fatehabad,"29.51,75.45","8,97,907",Haryana,21.31,0.84,-0.32
212,GURUGRAM,"28.46,77.02","3,95,552",Haryana,113.11,8.99,0.15
213,Hisar,"29.15,75.72","14,28,205",Haryana,58.54,1.47,-1.92
214,Jhajjar,"28.61,76.65","7,46,859",Haryana,25.56,1.39,0.65
215,Jind,"29.31,76.32","10,21,448",Haryana,26.43,0.98,0.26
216,KAITHAL,"29.80,76.39","8,47,510",Haryana,54.32,2.34,-1.26
217,Karnal,"29.68,76.99","11,05,576",Haryana,32.95,1.32,0.04
218,Kurukshetra,"29.96,76.84","7,63,821",Haryana,46.03,3,-1.63
219,Mahendragarh,"28.27,76.15","8,04,314",Haryana,111.31,5.86,-1.72
220,Nuh,"28.11,77.01","10,80,877",Haryana,108.96,7.23,-4.05
221,Palwal,"28.14,77.33","8,72,844",Haryana,13.82,1.02,-0.21
222,Panchkula,"30.69,76.85","1,82,353",Haryana,390.12,43.44,-1.43
223,Panipat,"29.40,76.96","6,94,893",Haryana,15.97,1.24,-0.47
224,Rewari,"28.19,76.62","7,56,684",Haryana,61.45,3.86,-0.52
225,Rohtak,"28.89,76.58","7,28,004",Haryana,14.54,0.85,-4.28
226,Sirsa,"29.53,74.96","12,57,427",Haryana,64.58,1.51,1.05
227,Sonipat,"28.98,77.02","11,50,303",Haryana,22.64,1.05,-0.09
228,Yamunanagar,"30.14,77.27","7,30,664",Haryana,188.99,10.69,1.92
229,Bilaspur,"31.33,76.75","4,41,857",Himachal Pradesh,373.8,32.03,2.12
230,Chamba,"32.55,76.12","5,94,210",Himachal Pradesh,2456.15,37.66,-1.82
231,Hamirpur,"31.69,76.52","4,85,618",Himachal Pradesh,361.53,32.34,0
232,Kangra,"32.09,76.27","17,11,999",Himachal Pradesh,2400.2,41.82,5.7
233,Kinnaur,"31.54,78.22","97,191",Himachal Pradesh,648.07,10.12,-0.51
234,Kullu,"31.95,77.10","4,89,647",Himachal Pradesh,1995.36,36.26,0.22
235,Lahaul And Spiti,"32.56,77.29","39,320",Himachal Pradesh,146.01,1.05,0.17
236,Mandi,"31.75,76.92","11,85,706",Himachal Pradesh,1790.17,45.32,9.11
237,Shimla,"31.10,77.17","7,79,322",Himachal Pradesh,2444.59,47.64,4.22
238,Sirmaur,"30.55,77.30","6,28,123",Himachal Pradesh,1415.88,50.12,20.46
239,Solan,"30.90,77.11","5,51,919",Himachal Pradesh,908.75,46.94,12.08
240,Una,"31.48,76.27","5,53,725",Himachal Pradesh,639.84,41.55,2.98
241,Anantnag,"33.73,75.15","9,10,906",Jammu & Kashmir,"1,077.04",39.49,9.27
242,Bandipora,"34.42,74.63","4,06,320",Jammu & Kashmir,352.85,28.24,5.45
243,Baramulla,"34.20,74.37","9,42,173",Jammu & Kashmir,923.29,22.84,5.73
244,Budgam,"34.00,74.77","8,43,777",Jammu & Kashmir,886.44,42.99,4.31
245,Doda,"33.14,75.56","5,83,335",Jammu & Kashmir,"1,484.45",61.56,6.63
246,Ganderbal,"34.22,74.78","2,69,188",Jammu & Kashmir,496.34,30.65,4.19
247,Jammu,"32.73,74.86","9,67,855",Jammu & Kashmir,693.77,28.79,5.14
248,Kathua,"32.38,75.52","7,14,995",Jammu & Kashmir,"1,329.28",52.9,4.90
249,Kishtwar,"33.32,75.76","3,13,631",Jammu & Kashmir,"1,787.96",21.86,12.86
250,Kulgam,"33.66,74.88","4,56,461",Jammu & Kashmir,385.03,30.44,-3.87
251,Kupwara,"34.52,74.24","10,07,907",Jammu & Kashmir,"1,520.35",55.41,3.39
252,Mirpur,"33.14,73.74","4,56,200",Jammu & Kashmir,"1,322.51",35.18,11.07
242,Muzaffarabad,"34.37,73.47","60,704",Jammu & Kashmir,"1,742.57",37.37,-4.41
243,Poonch,"33.77,74.10","6,52,930",Jammu & Kashmir,375.36,41.87,0.19
255,Pulwama,"33.88,74.92","5,34,845",Jammu & Kashmir,"2,000.25",47.13,8.73
256,Rajauri,"33.38,74.30","7,37,972",Jammu & Kashmir,"1,218.09",46,6.78
257,Ramban,"33.25,75.24","3,68,035",Jammu & Kashmir,660.23,51,5.19
258,Reasi,"33.08,74.83","4,11,968",Jammu & Kashmir,"1,032.80",53.45,7.4
259,Samba,"32.55,75.12","3,86,689",Jammu & Kashmir,335.29,36.14,0.81
260,Shopian,"33.71,74.83","2,34,321",Jammu & Kashmir,315.96,62.5,-4.98
261,Srinagar,"34.08,74.79","60,704",Jammu & Kashmir,44.46,15.79,0.32
262,Udhampur,"32.93,75.14","5,54,513",Jammu & Kashmir,"1,362.07",59.75,-5.55
263,Bokaro,"23.67,86.15","16,12,076",Jharkhand,572.41,19.85,2.33
264,Chatra,"24.21,84.87","11,52,056",Jharkhand,1799.39,48.4,-15.23
265,Deoghar,"24.48,86.69","15,30,946",Jharkhand,205.66,8.3,0.38
266,Dhanbad,"23.79,86.43","14,41,737",Jharkhand,221.2,10.84,2.19
267,Dumka,"24.27,87.25","14,15,782",Jharkhand,588.84,15.66,11.34
268,East Singhbum,"22.79,86.17","17,07,193",Jharkhand,1068.98,30.01,-3.43
269,Garhwa,"24.18,83.82","16,09,016",Jharkhand,1455.6,35.56,22.93
270,Giridih,"24.18,86.30","26,94,663",Jharkhand,900.2,18.14,0.77
271,Godda,"24.81,87.21","13,88,936",Jharkhand,430.48,19,1.62
272,Gumla,"23.03,84.53","10,48,066",Jharkhand,1455.41,27.15,5.5
273,Hazaribagh,"24.00,85.37","19,13,924",Jharkhand,1641.54,46.18,4.33
274,Jamtara,"23.95,86.80","7,42,372",Jharkhand,107.49,5.94,1.09
275,Khunti,"23.03,85.28","5,90,404",Jharkhand,951.71,37.54,0.92
276,Koderma,"24.46,85.60","7,85,064",Jharkhand,695.74,27.39,-1.79
277,Latehar,"23.75,84.50","8,97,738",Jharkhand,2383.2,55.54,-2.37
278,Lohardaga,"23.43,84.68","4,47,541",Jharkhand,503.17,33.5,0.82
279,Pakur,"24.64,87.85","11,64,076",Jharkhand,286.13,15.8,1.08
280,Palamu,"24.05,84.10","21,18,509",Jharkhand,1217.92,27.72,6.33
281,Ramgarh,"23.63,85.50","7,40,668",Jharkhand,341.56,25.47,1.1
282,Ranchi,"23.35,85.33","21,59,862",Jharkhand,1140.46,22.38,4.58
283,Sahebganj,"25.23,87.65","13,70,757",Jharkhand,592.45,28.72,0.08
284,Saraikela Kharsawan,"22.70,85.98","8,89,947",Jharkhand,582.04,21.91,3.09
285,Simdega,"22.61,84.51","6,30,478",Jharkhand,1246.51,33.03,-3.51
286,West Singhbhum,"22.56,85.80","16,14,182",Jharkhand,3377.69,46.76,14.66
287,Bagalkote,"16.18,75.65","15,11,827",Karnataka,263.56,4.02,2.23
288,Ballari,"15.13,76.92","9,73,427",Karnataka,727.62,8.6,-2.81
289,Belagavi,"15.85,74.50","39,08,918",Karnataka,1154.29,8.59,4.75
290,BENGALURU URBAN,"12.97,77.59","12,93,229",Karnataka,284.28,12.95,-0.56
291,Bengaluru Rural,"13.29,77.49","8,46,218",Karnataka,143.92,6.26,-5.51
292,Bidar,"17.90,77.52","15,44,176",Karnataka,101.62,1.87,1.58
293,Chamarajanagara,"11.93,76.94","11,16,484",Karnataka,2731.81,48.37,17.28
294,Chikkaballapura,"13.43,77.72","10,86,481",Karnataka,4057.96,56.34,22.27
295,Chikkamagaluru,"13.31,75.77","10,14,198",Karnataka,278.19,6.55,1.57
296,Chitradurga,"14.22,76.40","16,23,376",Karnataka,618.19,7.33,10.5
297,Dakshina Kannada,"12.87,74.88","14,47,760",Karnataka,3301.39,67.92,3.03
298,Davangere,"14.46,75.92","11,55,203",Karnataka,708.04,11.95,3.42
299,Dharwad,"15.45,75.00","9,20,915",Karnataka,382.55,8.98,3.88
300,Gadag,"15.43,75.62","8,06,177",Karnataka,141.17,3.03,0.23
301,Hassan,"13.00,76.10","16,92,607",Karnataka,1505.17,22.09,4.16
302,Haveri,"14.80,75.39","14,25,224",Karnataka,358.58,7.43,9.51
303,Kalaburagi,"17.32,76.83","21,33,196",Karnataka,195.87,1.79,2.67
304,Kodagu,"12.42,75.74","5,77,281",Karnataka,3234.11,78.84,6.98
305,Kolar,"13.13,78.13","12,57,774",Karnataka,397.18,9.98,7.36
306,Koppal,"15.35,76.15","13,72,714",Karnataka,36.88,0.66,1.19
307,Mandya,"12.52,76.89","17,25,966",Karnataka,541.69,10.92,1.19
308,Mysuru,"12.31,76.65","22,02,230",Karnataka,1043.06,16.54,12.51
309,RAICHUR,"16.20,77.34","17,15,576",Karnataka,48.38,0.57,1.05
310,Ramanagara,"12.72,77.29","9,35,932",Karnataka,690.65,19.64,12.93
311,Shivamogga,"13.92,75.56","12,87,371",Karnataka,4291.43,50.62,10.65
312,Tumakuru,"13.34,77.10","22,50,600",Karnataka,1420.9,13.41,13.08
313,Udupi,"13.34,74.74","10,32,277",Karnataka,2279.65,63.64,-4.04
314,Uttara Kannada,"14.58,74.83","11,68,583",Karnataka,8143.53,79.24,7
315,Vijayapura,"16.83,75.71","21,05,880",Karnataka,26.13,0.25,-0.43
316,Yadgir,"16.77,77.14","12,74,962",Karnataka,146.47,2.78,0.03
317,Vijayanagar,"15.24,76.43","11,73,065",Karnataka,1308.475667,21.03866667,4.923333333
318,Alappuzha,"9.49,76.33","21,43,588",Kerala,140.92,9.96,-0.61
319,Ernakulam,"9.98,76.28","24,75,426",Kerala,1469.01,47.96,-2
320,Idukki,"9.92,77.01","11,30,434",Kerala,3210.92,73.71,5.06
321,Kannur,"11.87,75.37","19,39,217",Kerala,1832.09,61.87,28.66
322,Kasaragod,"12.50,74.98","12,33,670",Kerala,1138.03,57.22,36.16
323,Kollam,"8.89,76.61","22,32,281",Kerala,1196.58,48.19,12.12
324,Kottayam,"9.59,76.52","19,33,195",Kerala,1343.77,60.91,-7.1
325,Kozhikode,"11.25,75.78","22,91,896",Kerala,1882.06,80.26,8.87
326,Malappuram,"11.05,76.08","39,01,905",Kerala,2164.83,60.91,3.52
327,Palakkad,"10.78,76.65","28,31,368",Kerala,2046.83,45.67,23.18
328,Pathanamthitta,"9.27,76.78","10,77,310",Kerala,1356.48,51.15,4.23
329,Thiruvananthapuram,"8.52,76.93","23,63,754",Kerala,1394.47,63.7,10.09
330,Thrissur,"10.52,76.21","25,83,729",Kerala,1290.03,42.62,10.79
331,Wayanad,"11.69,76.13","7,57,858",Kerala,1593.34,74.8,0.45
332,Kargil,"34.5555,76.1311","1,33,790",Leh Ladakh,58.26,0.41,0.01
333,Leh Ladakh,"34.1650,77.5771","1,13,811",Leh Ladakh,"2,227.66",1.45,7.36
334,Lakshadweep District,"10.5667,72.6417","74,640",Lakshadweep,27.06,91.33,0
335,Agar-Malwa,"23.71,76.01","5,22,216",Madhya Pradesh,50.12,1.83,8.95
336,Alirajpur,"22.31,74.34","7,62,112",Madhya Pradesh,710.2,22.32,-7.35
337,Anuppur,"23.09,81.68","6,03,945",Madhya Pradesh,858.64,22.92,6.55
338,Ashoknagar,"24.57,77.72","8,39,093",Madhya Pradesh,680.21,14.55,-12.28
339,Balaghat,"21.80,80.18","16,83,523",Madhya Pradesh,4921.18,53.32,1.42
340,Barwani,"22.04,74.90","12,20,857",Madhya Pradesh,892.6,16.45,-19.22
341,Betul,"21.90,77.90","13,98,675",Madhya Pradesh,3672.57,36.57,5.34
342,BHIND,"26.54,78.78","14,90,603",Madhya Pradesh,313.06,7.02,81.07
343,Bhopal,"23.26,77.40","5,52,463",Madhya Pradesh,336.35,12.13,-0.54
344,Burhanpur,"21.30,76.22","5,16,649",Madhya Pradesh,1184.5,34.56,-31.14
345,Chhatarpur,"24.91,79.59","16,08,498",Madhya Pradesh,1722.56,19.83,-12.02
346,Chhindwara,"22.06,78.93","18,44,696",Madhya Pradesh,4578.19,38.75,-21.57
347,Damoh,"23.83,79.43","11,84,861",Madhya Pradesh,2504.49,34.28,-85.29
348,Datia,"25.66,78.46","6,30,356",Madhya Pradesh,226.82,7.51,23.49
349,Dewas,"22.96,76.06","12,09,805",Madhya Pradesh,1957.8,27.89,2.57
350,Dhar,"22.60,75.30","21,31,291",Madhya Pradesh,632.27,7.75,-19.54
351,Dindori,"22.95,81.08","8,08,340",Madhya Pradesh,2137.39,36.85,-25.12
352,Guna,"24.47,77.31","11,06,146",Madhya Pradesh,1275.4,19.96,-35.71
353,Gwalior,"26.21,78.16","7,50,935",Madhya Pradesh,1226.86,26.9,9.52
354,Harda,"22.35,77.10","4,96,957",Madhya Pradesh,934.36,28.03,-8.86
355,Indore,"22.72,75.86","9,95,179",Madhya Pradesh,2410.52,35.96,-0.7
356,Jabalpur,"23.17,79.93","11,15,248",Madhya Pradesh,661.52,16.97,-6.71
357,Jhabua,"22.77,74.59","10,52,689",Madhya Pradesh,1063.48,20.41,-9.05
358,Katni,"23.83,80.40","11,29,132",Madhya Pradesh,216.29,6.01,1.54
359,Khandwa (East Nimar),"21.83,76.32","12,46,366",Madhya Pradesh,1342.81,27.13,-32.22
360,Khargone (West Nimar),"21.83,75.64","18,59,292",Madhya Pradesh,2103.42,28.61,0.85
361,Mandla,"22.60,80.37","10,85,867",Madhya Pradesh,1303.79,16.25,-4.41
362,Mandsaur,"24.06,75.08","12,49,275",Madhya Pradesh,3411.39,45.67,4.32
363,Morena,"26.50,77.99","17,61,291",Madhya Pradesh,250.89,4.53,7.11
364,Narmadapuram,"22.75,77.72","9,62,341",Madhya Pradesh,768.53,15.41,10.46
365,Narsimhapur,"22.95,79.20","10,00,828",Madhya Pradesh,1334.39,26,-5.98
366,Neemuch,"24.47,74.87","6,56,207",Madhya Pradesh,810.07,19.03,3.55
367,Niwari,"25.35,78.85","3,88,709",Madhya Pradesh,107.55,8.12,26.55
368,Panna,"24.71,80.19","9,98,598",Madhya Pradesh,2691.93,37.73,-17.06
369,Raisen,"23.33,77.79","11,91,230",Madhya Pradesh,2642.12,31.21,-23.23
370,Rajgarh,"24.00,76.60","14,40,754",Madhya Pradesh,172.88,2.81,-1.2
371,Ratlam,"23.33,75.04","12,33,961",Madhya Pradesh,119.25,2.45,38.81
372,Rewa,"24.54,81.30","20,52,940",Madhya Pradesh,805.52,12.76,5.74
373,Sagar,"23.83,78.73","20,37,972",Madhya Pradesh,2713.63,26.47,-71.38
374,Satna,"24.58,80.84","20,39,576",Madhya Pradesh,1755.08,23.4,9.87
375,Sehore,"23.20,77.08","12,93,718",Madhya Pradesh,1352.57,20.56,-4.17
376,Seoni,"22.08,79.53","13,59,611",Madhya Pradesh,3047.53,34.8,-34.25
377,Shahdol,"23.28,81.35","9,85,341",Madhya Pradesh,1769.33,28.51,-13.63
378,Shajapur,"23.42,76.43","9,08,381",Madhya Pradesh,29.26,0.84,7.2
379,Sheopur,"25.66,76.69","7,92,666",Madhya Pradesh,3407.86,51.59,-42.2
380,Shivpuri,"25.41,77.65","16,62,197",Madhya Pradesh,2546.62,25.6,4.4
381,Sidhi,"24.40,81.88","10,37,314",Madhya Pradesh,1979.65,40.81,2.73
382,Singrauli,"24.18,82.68","9,87,978",Madhya Pradesh,2145.71,37.81,-34.83
383,Tikamgarh,"24.75,78.83","10,20,061",Madhya Pradesh,274.56,7.37,-26.79
384,Ujjain,"23.18,75.77","14,19,747",Madhya Pradesh,41.76,0.69,3.36
385,Umaria,"23.53,80.83","5,34,985",Madhya Pradesh,2239.52,54.95,-5.07
386,Vidisha,"23.52,77.80","12,85,358",Madhya Pradesh,738.44,10.02,-25.42
387,Ahmednagar,"19.10,74.75","39,47,868",Maharashtra,312.22,1.83,26.48
388,Akola,"20.70,77.00","11,34,989",Maharashtra,313.47,5.52,-11.54
389,Amravati,"20.93,77.75","19,25,289",Maharashtra,3175,26,1.1
390,Beed,"18.99,75.77","23,78,964",Maharashtra,158.24,1.48,-3.94
391,Bhandara,"21.17,79.65","10,16,251",Maharashtra,1080.17,26.43,8.31
392,Buldhana,"20.53,76.20","21,23,083",Maharashtra,605.85,6.27,-1.8
393,Chandrapur,"19.96,79.29","15,30,835",Maharashtra,4029.65,35.21,-9.46
394,Chhatrapati Sambhajinagar,"19.87,75.34","24,41,232",Maharashtra,550.7,5.45,-3.11
395,Dharashiv,"18.17,76.04","13,55,928",Maharashtra,51.82,0.68,0.38
396,Dhule,"20.90,74.78","17,45,789",Maharashtra,298,4.14,-8.76
397,Gadchiroli,"19.43,80.00","9,18,833",Maharashtra,10015.48,69.49,-19.93
398,Gondia,"21.46,80.22","11,69,348",Maharashtra,1903.81,36.37,3.4
399,Hingoli,"19.70,77.10","11,20,308",Maharashtra,111.73,2.31,-1.55
400,Jalgaon,"20.99,75.56","32,32,567",Maharashtra,1166.9,9.92,-1.26
401,Jalna,"19.82,75.88","15,37,811",Maharashtra,30.84,0.4,-4.55
402,Kolhapur,"16.70,74.24","31,56,468",Maharashtra,1755.41,22.84,-21.1
403,Latur,"18.40,76.57","20,04,484",Maharashtra,15.69,0.22,2.76
404,Mumbai City,"19.08,72.88","3,085,411",Maharashtra,4.42,2.82,-0.16
405,Mumbai Suburban,"19.19,72.85","9,356,962",Maharashtra,150.64,33.78,1.42
406,Nagpur,"21.14,79.08","16,75,670",Maharashtra,2005.57,20.27,-3.24
407,Nanded,"19.14,77.32","26,85,596",Maharashtra,942.35,8.95,-2.04
408,Nandurbar,"21.37,74.24","16,92,085",Maharashtra,1128.17,18.94,-64.49
409,Nashik,"19.99,73.78","37,27,351",Maharashtra,1112.12,7.16,25.04
410,Palghar,"19.70,72.80","19,49,210",Maharashtra,1626.35,30.91,-86.97
411,Parbhani,"19.26,76.77","15,46,500",Maharashtra,32.16,0.52,-7.89
412,Pune,"18.52,73.86","43,43,030",Maharashtra,1716.95,10.98,-4.57
413,Raigad,"18.52,73.18","22,42,967",Maharashtra,2922.09,40.86,-3.93
414,Ratnagiri,"16.99,73.30","15,66,749",Maharashtra,4292.17,52.29,53.45
415,Sangli,"16.85,74.57","24,54,042",Maharashtra,147.93,1.73,-3.07
416,Satara,"17.68,74.00","27,17,759",Maharashtra,1305.49,12.46,32.38
417,Sindhudurg,"16.03,73.68","7,48,465",Maharashtra,2739.76,52.62,-7.33
418,Solapur,"17.65,75.90","30,73,436",Maharashtra,44.86,0.3,-5.65
419,Thane,"19.22,72.98","13,14,458",Maharashtra,1342.7,31.25,82.84
420,Wardha,"20.75,78.60","9,94,696",Maharashtra,860.35,13.64,-0.06
407,Washim,"20.08,77.15","10,63,712",Maharashtra,304.06,6.21,-3.31
408,Yavatmal,"20.39,78.13","21,86,309",Maharashtra,2605.41,19.18,-12.32
423,Bishnupur,"24.6217,93.7661","1,65,185",Manipur,20.84,4.42,-1.17
424,Chandel,"24.3090,94.1206","89,546",Manipur,1806.36,86.23,-22.32
425,Churachandpur,"24.3314,93.6690","2,19,149",Manipur,1911.76,79.01,-78
426,Imphal East,"24.8587,93.9749","3,65,970",Manipur,62.44,13.67,-5.26
427,Imphal West,"24.8087,93.9317","2,44,454",Manipur,31.88,7.24,-1.49
428,Jiribam,"24.7958,93.1704","38,686",Manipur,115.81,74.6,-1.93
429,Kakching,"24.4705,93.9742","1,00,388",Manipur,21.01,7.92,-2.9
430,Kamjong,"24.8967,94.4752","62,578",Manipur,2151.5,86.8,-21.29
431,Kangpokpi,"25.1278,93.9870","2,04,761",Manipur,805.48,56.08,-31.57
432,Noney,"24.8458,93.4866","57,291",Manipur,1105.6,87.38,-16.79
433,Pherzawl,"24.2692,93.2030","53,430",Manipur,1989.93,86.53,-59.89
434,Senapati,"25.2796,94.0135","2,63,925",Manipur,1386.83,75.27,81.61
435,Tamenglong,"24.9926,93.5049","1,00,726",Manipur,2669.77,84.94,-38.43
436,Tengnoupal,"24.3916,94.3168","74,718",Manipur,905.85,77.66,1.55
437,Thoubal,"24.6360,94.0208","2,08,322",Manipur,10.43,3.07,-0.95
438,Ukhrul,"25.0601,94.3643","1,75,474",Manipur,1589.97,77.5,144
439,East Garo Hills,"25.6888,90.6433","2,11,529",Meghalaya,1352.97,93.76,-28.09
440,East Jaintia Hills,"25.2023,92.3853","1,66,019",Meghalaya,1328.8,65.14,-20.76
441,East Khasi Hills,"25.5788,91.8933","7,47,905",Meghalaya,1754.5,63.85,13.69
442,Eastern West Khasi Hills,"25.6601,91.5831","1,70,860",Meghalaya,808.01,70.57,2.94
443,North Garo Hills,"25.9234,90.6622","2,11,734",Meghalaya,1055.16,90.96,-15.37
444,Ri Bhoi,"25.9085,91.8833","3,32,830",Meghalaya,2083.29,85.1,0.56
445,South Garo Hills,"25.2018,90.6582","2,12,635",Meghalaya,1635.7,86.68,-5.28
446,South West Garo Hills,"25.5532,89.9235","2,32,153",Meghalaya,604.18,69.77,-4.59
447,South West Khasi Hills,"25.3340,91.3283","1,28,445",Meghalaya,901.83,64.37,10.1
448,West Garo Hills,"25.5134,90.2033","5,65,642",Meghalaya,2086.41,74.22,12.72
449,West Jaintia Hills,"25.4497,92.2137","3,74,422",Meghalaya,1170.77,65.81,-8.03
450,West Khasi Hills,"25.5126,91.3326","2,27,432",Meghalaya,2185.22,80.9,12.11
451,Aizawl,"23.7271,92.7176","87,904",Mizoram,1899.89,85.83,-33.64
452,Champhai,"23.4682,93.3323","51,849",Mizoram,1374.38,83.17,86.69
453,HNAHTHIAL,"23.0076,92.9304","27,022",Mizoram,735.46,86.37,114.67
454,KHAWZAWL,"23.6339,93.1895","26,928",Mizoram,823.17,75.64,12.89
455,Kolasib,"24.2307,92.6589","47,518",Mizoram,1277.92,85.62,-37.58
456,Lawngtlai,"22.6285,92.6459","1,26,917",Mizoram,1941.92,80.09,50.17
457,Lunglei,"22.8805,92.8680","85,956",Mizoram,3258.43,88.42,-30.66
458,Mamit,"23.9458,92.3592","82,770",Mizoram,2722.05,89.3,-21.96
459,SAITUAL,"23.8767,92.9818","48,814",Mizoram,1359.77,82.35,-17.56
460,Serchhip,"23.3683,92.7483","38,254",Mizoram,1209.37,83.77,14.17
461,Siaha,"22.4831,92.9739","41,952",Mizoram,1388.1,90.76,104.54
462,Chumoukedima,"25.8456,93.7717","45,740",Nagaland,1156.46,73.36,-4.56
463,Dimapur,"25.9086,93.7315",178684,Nagaland,463.87,50.04,-3.48
464,Kiphire,"25.8679,94.8197","69,880",Nagaland,811.89,71.85,-0.54
465,Kohima,"25.6751,94.1028",142613,Nagaland,1089.89,74.5,-4.15
466,Longleng,"26.3475,94.7570","61,794",Nagaland,385.42,68.58,5.26
467,Mokokchung,"26.3312,94.5204",175310,Nagaland,1340.85,83.02,14.88
468,Mon,"26.6669,95.0482",367039,Nagaland,1355.8,75.91,-18.3
469,Niuland,"25.9681,93.9242","45,810",Nagaland,1156.46,73.36,-4.56
470,Noklak,"26.0468,95.1098","70,979",Nagaland,1492.31,73.66,0.88
471,Peren,"25.8038,93.5350",107122,Nagaland,1359.41,53.6,-14.28
472,Phek,"25.6318,94.4842",150830,Nagaland,1293.57,79.46,-7.99
473,Shamator,"26.0423,94.8239","42,418",Nagaland,1129.66,90.01,-15.69
474,Tseminyu,"25.9388,94.1352","72,817",Nagaland,1156.46,73.36,-4.56
475,Tuensang,"26.2737,94.8197","79,474",Nagaland,1156.46,73.36,-4.56
476,Wokha,"26.2007,94.2045",127649,Nagaland,1156.46,73.36,-4.56
477,Zunheboto,"26.0792,94.5140",142461,Nagaland,1156.46,73.36,-4.56
478,Anugul,"20.8358,85.0088","13,73,702",Odisha,"2,773.94",43.51,-5.56
479,Balangir,"20.7099,83.4727","15,21,511",Odisha,"1,157.28",17.6,5.01
480,Baleshwar,"21.4939,86.9245","24,08,843",Odisha,392.18,10.3,11.39
481,Bargarh,"21.3411,83.6263","13,23,929",Odisha,"1,082.25",18.54,1.16
482,Bhadrak,"21.0714,86.4719","14,60,830",Odisha,"1,307.52",42.21,3.47
483,Boudh,"20.6724,84.3218","4,46,379",Odisha,74.65,2.98,0.14
484,Cuttack,"20.4625,85.8830","20,20,672",Odisha,818.29,20.81,0.75
485,Deogarh,"21.5342,84.7360","2,99,083",Odisha,"1,483.96",50.47,-1.73
486,Dhenkanal,"20.6628,85.5944","11,55,815",Odisha,"1,439.27",32.33,3.53
487,Gajapati,"18.9669,84.0917","5,59,676",Odisha,"2,498.80",57.78,-11.63
488,Ganjam,"19.5293,85.0934","31,52,129",Odisha,"2,415.69",29.44,169.18
489,Jagatsinghapur,"20.2657,86.3263","12,71,611",Odisha,140.94,8.45,-0.47
490,Jajapur,"20.8507,86.4042","19,23,434",Odisha,312.65,10.78,6.24
491,Jharsuguda,"21.8496,84.0289","3,66,131",Odisha,328.89,15.8,0.88
492,Kalahandi,"19.8970,83.1557","15,84,120",Odisha,"2,376.91",30.01,-61.94
493,Kandhamal,"20.5012,84.1618","7,00,868",Odisha,"5,402.03",67.35,-2.7
494,Kendrapara,"20.4998,86.6277","14,20,426",Odisha,329.18,12.45,1.55
495,Kendujhar,"21.8021,85.5804","15,60,537",Odisha,"3,189.08",38.41,-30.92
496,Khordha,"20.2961,85.8245","14,05,974",Odisha,530.4,18.86,7.19
497,Koraput,"18.7844,82.7092","13,09,604",Odisha,"2,095.29",23.79,25.86
498,Malkangiri,"18.1365,81.9015","5,63,892",Odisha,"2,311.50",39.92,-12.34
499,Mayurbhanj,"21.9099,86.7335","23,89,245",Odisha,"4,098.74",39.34,3.92
500,Nabarangpur,"19.3005,82.5299","13,22,227",Odisha,"1,176.53",22.24,-29.46
501,Nayagarh,"20.3015,85.1018","10,86,824",Odisha,"1,767.13",45.43,33.61
502,Nuapada,"20.7634,82.4707","5,47,382",Odisha,"1,388.25",36.04,78.52
503,Puri,"19.8135,85.8312","15,55,946",Odisha,285.03,8.19,1.37
504,Rayagada,"19.1411,83.4144","9,85,657",Odisha,"3,286.25",46.46,5.17
505,Sambalpur,"21.4704,83.9701","6,81,039",Odisha,"3,320.29",49.88,-31.27
506,Sonepur,"20.9328,83.7749","6,12,596",Odisha,402.77,17.23,-1.55
507,Sundargarh,"22.0464,84.0315","13,93,400",Odisha,"4,247.87",43.74,-17.48
508,Karaikal,"10.9317,79.8382","1,26,695",Pondicherry,12.02,7.68,-0.11
509,Pondicherry,"11.9416,79.8083","4,35,332",Pondicherry,20.96,7.12,0.2
510,Amritsar,"31.6340,74.8723","12,23,445",Punjab,29.19,1.09,1.67
511,Barnala,"30.3783,75.5484","4,02,654",Punjab,8.88,0.6,0.07
512,Bathinda,"30.2110,74.9455","8,37,966",Punjab,53.95,1.6,0.1
513,Faridkot,"30.6766,74.7423","4,09,402",Punjab,16.15,1.12,0
514,Fatehgarh Sahib,"30.6482,76.3888","4,20,392",Punjab,3.01,0.26,0
515,Fazilka,"30.5898,74.0883","7,97,817",Punjab,56.85,1.98,2.66
516,Ferozepur,"30.9197,74.5947","7,24,114",Punjab,13.65,0.57,0.18
517,Gurdaspur,"32.0673,75.3853","13,51,700",Punjab,23.91,0.92,0.88
518,Hoshiarpur,"31.5300,75.9100","13,52,653",Punjab,697.31,20.59,-3.31
519,Jalandhar,"31.3260,75.5762","11,16,897",Punjab,10.19,0.39,0.26
520,Kapurthala,"31.3788,75.3813","5,61,111",Punjab,12.51,0.77,0.33
521,Ludhiana,"30.9010,75.8573","17,04,804",Punjab,47.57,1.32,1.46
522,Malerkotla,"30.5218,75.8824","2,58,320",Punjab,45.53,2.97,0.19
523,Mansa,"29.9863,75.3892","6,03,785",Punjab,10.61,0.49,0
524,Moga,"30.8228,75.1718","7,55,511",Punjab,8.87,0.39,0
525,Pathankot,"32.2687,75.6496","4,34,084",Punjab,192.46,20.26,0.2
526,Patiala,"30.3400,76.3850","12,49,058",Punjab,75.11,2.33,-0.48
527,Rupnagar,"30.9160,76.5700","5,19,563",Punjab,275.9,20.35,-0.43
528,S.A.S Nagar,"30.7041,76.7179","4,29,828",Punjab,134.86,11.27,-0.3
529,Sangrur,"30.2523,75.8427","8,99,140",Punjab,23.4,0.65,0
530,Shahid Bhagat Singh Nagar,"30.8242,76.1264","5,24,907",Punjab,114.43,9.07,-3.99
531,Sri Muktsar Sahib,"30.4800,74.4984","6,68,898",Punjab,18.56,0.7,0.12
532,Tarn Taran,"31.4589,74.9038","9,88,540",Punjab,18.72,0.78,0.13
533,Ajmer,"26.4499,74.6399","13,56,024",Rajasthan,333.01,3.93,-18.34
534,Alwar,"27.5530,76.6346","14,72,519",Rajasthan,"1,198.74",14.3,16.39
535,Banswara,"23.5463,74.4573","17,96,466",Rajasthan,267.75,5.94,-0.38
536,Baran,"25.0991,76.5135","11,31,307",Rajasthan,975.13,13.92,-33.29
537,Barmer,"25.7486,71.3995","15,69,884",Rajasthan,309.84,1.09,19
538,Bharatpur,"27.1189,77.4913","12,97,928",Rajasthan,214.28,4.23,-6.4
539,Bhilwara,"25.4385,74.6425","21,43,936",Rajasthan,236.97,2.26,-0.04
540,Bikaner,"28.0229,73.3119","17,80,474",Rajasthan,259.44,0.86,-14.85
541,Bundi,"25.4414,75.6405","10,05,657",Rajasthan,558.58,9.67,0.32
542,Chittorgarh,"24.8814,74.6200","14,87,982",Rajasthan,988.08,12.63,1.93
543,Churu,"28.2575,74.9601","17,41,856",Rajasthan,62.73,0.45,-11.74
544,Dausa,"26.9030,76.6025","15,52,166",Rajasthan,121.8,3.56,-0.23
545,Dholpur,"26.6504,77.8174","9,64,245",Rajasthan,400.23,13.19,-8.14
546,Dungarpur,"23.7733,73.8123","16,16,981",Rajasthan,301.99,8.01,-5.57
547,Hanumangarh,"28.9877,74.0203","16,13,350",Rajasthan,92.29,0.95,-2.25
548,Jaipur,"26.9124,75.7873","28,65,667",Rajasthan,564.58,5.07,-2.02
549,Jaisalmer,"26.9157,70.9083","7,23,180",Rajasthan,341.31,0.89,11.46
550,Jalore,"25.2158,72.5855","19,89,388",Rajasthan,222.41,2.09,-11.54
551,Jhalawar,"24.6214,76.1554","13,39,346",Rajasthan,440.04,6.94,-4.14
552,Jhunjhunu,"28.0686,75.3895","20,02,841",Rajasthan,196.83,3.32,-1.57
553,Jodhpur,"26.2389,73.0243","18,42,207",Rajasthan,111.23,0.49,2.66
554,Karauli,"26.2520,76.9922","12,96,162",Rajasthan,760.42,15.18,-3.69
555,Kota,"25.1396,75.8401","8,63,341",Rajasthan,530.91,10.43,2.25
556,Nagaur,"27.0238,73.7444","17,79,029",Rajasthan,170.92,0.96,-4.31
557,Pali,"25.9189,73.2688","13,07,175",Rajasthan,692.87,5.59,-9.65
558,Pratapgarh,"24.0181,74.6738","9,52,868",Rajasthan,996.86,22.48,-30.79
559,Rajsamand,"25.0116,73.9676","10,02,953",Rajasthan,513.36,11.11,-5.97
560,Sawai Madhopur,"26.2575,76.5982","12,47,978",Rajasthan,517.42,10.29,-2.91
561,Sikar,"27.5619,75.1654","24,13,253",Rajasthan,218.55,2.83,19.14
562,Sirohi,"24.8153,72.9324","8,96,015",Rajasthan,899.45,17.5,0.7
563,Tonk,"26.2917,75.7885","12,28,199",Rajasthan,170.43,2.37,4.86
564,Udaipur,"24.5854,73.7125","22,57,223",Rajasthan,2766.3,23.6,12.46
565,Gangtok,"27.3389,88.6065","81,110",Sikkim,715.44,74.99,4.46
566,Gyalshing,"27.2272,88.2608","85,295",Sikkim,789.61,67.72,-1.66
567,Mangan,"27.5996,88.5204","49,926",Sikkim,1290.33,30.53,1.45
568,Namchi,"27.1685,88.3842","1,60,078",Sikkim,563.02,75.07,0.94
569,Pakyong,"27.2272,88.5833","1,03,939",Sikkim,715.44,74.99,4.46
570,Soreng,"27.1700,88.1800","74,129",Sikkim,789.61,67.72,-1.66
571,Ariyalur,"11.1394,79.0765","8,01,391",Tamilnadu,392.32,20.22,-16.83
572,Chengalpattu,"12.6841,79.9836","15,32,885",Tamilnadu,250.74,8.86,-5.87
573,Chennai,"13.0827,80.2707","12,053,697",Tamilnadu,21.12,12.07,-2.04
574,Coimbatore,"11.0168,76.9558","14,60,111",Tamilnadu,"1,953.18",41.28,-7.37
575,Cuddalore,"11.7454,79.7761","21,71,205",Tamilnadu,385.48,10.41,-6.86
576,Dharmapuri,"12.1226,78.1636","15,33,304",Tamilnadu,"1,716.29",38.17,-2.39
577,Dindigul,"10.3673,77.9803","22,00,832",Tamilnadu,"1,888.18",31.28,4.74
578,Erode,"11.3410,77.7172","15,76,696",Tamilnadu,"2,328.46",40.42,17.68
579,Kallakurichi,"11.7371,78.9634","13,74,820",Tamilnadu,576.74,17.71,-11.64
580,Kancheepuram,"12.8364,79.7037","8,83,696",Tamilnadu,71.87,4.35,-1.82
581,Kanniyakumari,"8.1833,77.4183","8,12,588",Tamilnadu,"1,012.54",60.13,10.7
582,Karur,"10.9570,78.0827","7,31,187",Tamilnadu,105.54,3.63,6.24
583,Krishnagiri,"12.5204,78.2168","17,56,681",Tamilnadu,"1,615.77",31.5,9.8
584,Madurai,"9.9252,78.1198","16,13,178",Tamilnadu,560.87,15.12,7.33
585,Mayiladuthurai,"11.1037,79.6522","8,34,910",Tamilnadu,32.63,2.77,-0.45
586,Nagapattinam,"10.7681,79.8427","5,88,454",Tamilnadu,98.57,7.09,-27.35
587,Namakkal,"11.2215,78.1637","12,69,632",Tamilnadu,590.24,17.26,3.98
588,Perambalur,"11.2333,78.8833","5,31,303",Tamilnadu,143.01,8.14,-1.73
589,Pudukkottai,"10.3791,78.8197","16,21,234",Tamilnadu,355.16,7.65,-10.35
590,Ramanathapuram,"9.3639,78.8357","12,62,741",Tamilnadu,242.34,5.9,-10.28
591,Ranipet,"12.9271,79.3333","8,83,729",Tamilnadu,96.65,5.23,-7.15
592,Salem,"11.6643,78.1460","23,41,363",Tamilnadu,"1,490.52",28.46,3.82
593,Sivaganga,"9.8540,78.4839","12,21,724",Tamilnadu,313.12,7.4,-9.79
594,Tenkasi,"8.9620,77.3160","10,21,670",Tamilnadu,484.07,17.09,3.99
595,Thanjavur,"10.7870,79.1378","18,84,562",Tamilnadu,328.79,9.64,-20.14
596,The Nilgiris,"11.4102,76.6950","3,37,356",Tamilnadu,"1,706.89",66.55,-1.61
597,Theni,"10.0119,77.4779","6,58,355",Tamilnadu,"1,217.11",42.44,33.09
598,Thiruvallur,"13.1389,79.9125","20,06,998",Tamilnadu,71.72,3.15,0.55
599,Thiruvarur,"10.7699,79.6358","11,59,440",Tamilnadu,261.25,5.51,12.26
600,Thoothukkudi,"8.7642,78.1348","11,06,369",Tamilnadu,494.03,10.96,2.58
601,Tiruchirappalli,"10.7905,78.7047","17,70,119",Tamilnadu,849.34,22,1.52
602,Tirunelveli,"8.7139,77.7567","10,00,588",Tamilnadu,899.16,45.78,5.33
603,Tirupathur,"12.4930,78.5727","9,11,572",Tamilnadu,849.13,16.37,-0.56
604,Tiruppur,"11.1085,77.3411","17,02,917",Tamilnadu,280.03,8.25,-17.5
605,Tiruvannamalai,"12.2268,79.0753","23,22,134",Tamilnadu,"1,318.45",21.31,-4.99
606,Vellore,"12.9165,79.1325","9,31,410",Tamilnadu,845.09,37.36,-8.54
607,Viluppuram,"11.9405,79.4947","20,01,277",Tamilnadu,250.88,6.37,-12.57
594,Virudhunagar,"9.5878,77.9545","14,65,784",Tamilnadu,352.94,8.32,3.26
609,Adilabad,"19.6669,78.5323","5,35,302",Telangana,"1,145.26",28.63,-115.50
610,Bhadradri Kothagudem,"17.5563,80.6133","8,73,614",Telangana,"2,861.66",40.96,-95.55
611,Hanumakonda,"18.0089,79.5398","4,29,970",Telangana,48.42,2.93,0.19
597,Hydarabad ,"17.3850,78.4867","9,847,000",Telangana,18.16,9.5,1.43
613,Jagitial,"18.7963,78.9189","7,56,381",Telangana,637.80,22.23,54.70
614,Jangoan,"17.7179,79.1764","4,88,779",Telangana,65.32,3.09,-2.13
615,Jayashankar Bhupalapally,"18.4312,79.8660","3,52,709",Telangana,"1,157.39",39.85,-15.43
616,Jogulamba Gadwal,"16.2307,77.9946","4,83,871",Telangana,34.12,1.32,0.96
617,Kamareddy,"18.3188,78.3496","8,72,974",Telangana,560.20,14.93,8.46
618,Karimnagar,"18.4386,79.1288","6,23,881",Telangana,34.20,1.61,4.45
619,Khammam,"17.2473,80.1514","10,59,691",Telangana,607.47,13.43,-25.76
620,Kumuram Bheem Asifabad,"19.3664,79.2941","4,40,946",Telangana,"1,778.26",39.62,-44.61
621,Mahabubabad,"17.6063,80.0051","6,66,301",Telangana,922.02,25.46,-26.98
622,Mahabubnagar,"16.7417,77.9930","6,58,120",Telangana,183.46,6.67,12.90
623,Mancherial,"18.8681,79.4608","4,62,922",Telangana,"1,564.93",40.02,34.96
624,Medak,"18.0435,78.2619","6,62,258",Telangana,458.08,17,28.86
625,Medchal Malkajgiri,"17.5898,78.5746","1,24,909",Telangana,142.74,13,1.38
626,Mulugu,"18.1887,80.0984","3,06,679",Telangana,"2,699.39",63.37,-25.91
627,Nagarkurnool,"16.4831,78.3229","7,52,282",Telangana,"1,932.53",30.14,50.53
628,Nalgonda,"17.0553,79.2662","12,31,245",Telangana,319.85,4.44,26.41
629,Narayanpet,"16.7460,77.4981","4,87,796",Telangana,61.76,2.58,1.78
630,Nirmal,"19.0979,78.3475","5,41,729",Telangana,"1,085.02",29.17,-45.37
631,Nizamabad,"18.6723,78.0945","11,13,199",Telangana,675.58,16.25,-4.78
632,Peddapalli,"18.6146,79.3672","4,66,362",Telangana,316.55,14.42,1.83
633,Rajanna Sircilla,"18.3842,78.8315","4,28,308",Telangana,277.61,14.79,10.81
634,Ranga Reddy,"17.2520,78.4111","8,87,078",Telangana,429.97,8.59,5.05
635,Sangareddy,"17.6166,78.0833","10,39,984",Telangana,210.92,4.75,33.67
636,Siddipet,"18.1030,78.8546","8,06,722",Telangana,240.16,6.64,22.04
637,Suryapet,"17.1420,79.6267","8,20,297",Telangana,45.23,1.26,-1.05
638,Vikarabad,"17.3347,77.9036","7,88,715",Telangana,368.25,10.21,0.12
639,Wanaparthy,"16.3631,78.0645","4,35,660",Telangana,57.93,2.68,6.83
640,Warangal,"17.9689,79.5941","4,66,234",Telangana,53.57,3.05,-2.51
641,Yadadri Bhuvanagiri,"17.5113,78.8893","6,31,989",Telangana,185.23,5.4,-2.2
642,Dhalai,"23.9234,91.8601","4,17,776",Tripura,"1,820.15",79.19,-44.58
643,Gomati,"23.5323,91.4878","4,48,700",Tripura,"1,236.84",74.95,6.86
644,Khowai,"23.8919,91.6247","2,99,493",Tripura,739.69,70.07,-23.16
645,North Tripura,"24.3686,92.1648","4,19,449",Tripura,"1,044.32",77.37,-18.88
646,Sepahijala,"23.6841,91.3533","4,84,483",Tripura,655.25,62.22,-7.35
647,South Tripura,"23.2519,91.4556","4,46,450",Tripura,"1,073.77",73.11,11.60
648,Unakoti,"24.3218,92.0117","2,50,342",Tripura,431.22,62.9,-13.52
649,West Tripura,"23.8315,91.2868","4,89,417",Tripura,583.53,63.11,-6.28
650,Agra,"27.1767,78.0081","27,53,391",Uttar Pradesh,274.73,6.82,12.90
651,Aligarh,"27.8974,78.0880","24,60,028",Uttar Pradesh,59.63,1.63,-5.19
652,Ambedkar Nagar,"26.4343,82.5385","22,41,886",Uttar Pradesh,44.48,1.89,3.39
653,Amethi,"26.2435,81.6700","19,37,075",Uttar Pradesh,72.49,2.37,2.21
654,Amroha,"28.9048,78.4716","14,85,542",Uttar Pradesh,126.78,5.26,31.44
655,Auraiya,"26.4674,79.5168","12,77,940",Uttar Pradesh,45.82,2.27,1.69
656,AYODHYA,"26.7915,82.1983","21,54,668",Uttar Pradesh,106.42,4.55,4.33
657,Azamgarh,"26.0660,83.1895","44,78,250",Uttar Pradesh,47.19,1.16,-1.56
658,Baghpat,"28.9413,77.2251","11,23,671",Uttar Pradesh,15.48,1.17,-0.32
659,Bahraich,"27.5794,81.5976","34,51,673",Uttar Pradesh,531.41,10.15,1.65
660,Ballia,"25.7604,84.1481","31,31,222",Uttar Pradesh,21.04,0.71,-3.45
661,Balrampur,"27.4285,82.1818","22,03,775",Uttar Pradesh,555.65,16.59,11.04
662,Banda,"25.4776,80.3359","16,12,964",Uttar Pradesh,101.33,2.3,-2.69
663,Bara Banki,"26.9395,81.1873","30,83,263",Uttar Pradesh,103.99,2.36,1.99
664,Bareilly,"28.3670,79.4304","31,70,958",Uttar Pradesh,39.07,0.95,-5.44
665,Basti,"26.7909,82.7214","24,41,799",Uttar Pradesh,38.91,1,8.02
666,Bhadohi,"25.3341,82.4632","15,63,431",Uttar Pradesh,5.22,1,0.00
667,Bijnor,"29.3734,78.1368","30,50,373",Uttar Pradesh,417.99,9.16,13.53
668,Budaun,"28.0378,79.1215","27,03,459",Uttar Pradesh,27.90,0.64,-2.81
669,Bulandshahr,"28.4069,77.8519","28,64,620",Uttar Pradesh,141.53,4.12,5.71
670,Chandauli,"25.2647,83.2662","19,10,643",Uttar Pradesh,549.5,21.63,-0.81
671,Chitrakoot,"25.1763,80.8659","10,01,837",Uttar Pradesh,636.56,19.79,5.86
672,Deoria,"26.5050,83.7847","30,24,294",Uttar Pradesh,20.32,0.8,4.78
673,ETAH,"27.6322,78.6625","16,51,026",Uttar Pradesh,20.82,0.84,-3.15
674,Etawah,"26.7766,79.0180","13,01,019",Uttar Pradesh,286.79,12.41,28.84
675,Farrukhabad,"27.3828,79.5855","14,18,106",Uttar Pradesh,50.49,2.31,0.71
676,Fatehpur,"25.9255,80.8068","24,52,776",Uttar Pradesh,57.01,1.37,-0.05
677,Firozabad,"27.1517,78.4116","18,26,691",Uttar Pradesh,60.97,2.58,2.12
678,Gautam Buddha Nagar,"28.5355,77.3910","2,66,572",Uttar Pradesh,22.77,1.58,-0.05
679,Ghaziabad,"28.6692,77.4538","6,48,655",Uttar Pradesh,21.02,2.36,0.03
680,Ghazipur,"25.5781,83.5714","36,58,676",Uttar Pradesh,24.35,0.72,-3.86
681,GONDA,"27.1354,81.9337","34,99,233",Uttar Pradesh,126.93,3.17,1.29
682,Gorakhpur,"26.7606,83.3732","38,26,799",Uttar Pradesh,74.49,2.24,-2.41
683,Hamirpur,"25.9575,80.1469","10,12,738",Uttar Pradesh,223.18,5.55,1.66
684,Hapur,"28.7303,77.7788","10,07,709",Uttar Pradesh,27.81,2.51,5.72
685,HARDOI,"27.4067,80.1264","37,47,253",Uttar Pradesh,145.20,2.43,-1.18
686,Hathras,"27.6033,78.0538","13,07,078",Uttar Pradesh,22.09,1.2,-4.15
687,Jalaun,"25.9860,79.3364","13,62,706",Uttar Pradesh,256.49,5.62,6.41
688,Jaunpur,"25.7471,82.6885","43,32,442",Uttar Pradesh,64.00,1.58,-6.75
689,Jhansi,"25.4484,78.5685","13,71,457",Uttar Pradesh,341.32,6.79,34.79
690,Kannauj,"27.0510,79.9192","15,67,810",Uttar Pradesh,25.61,1.22,-2.73
691,Kanpur Dehat,"26.3986,79.9482","16,53,212",Uttar Pradesh,47.06,1.56,-24.7
692,Kanpur Nagar,"26.4499,80.3319","17,14,835",Uttar Pradesh,70.12,2.22,25.29
693,Kasganj,"27.8080,78.6477","12,63,683",Uttar Pradesh,41.97,2.15,-10.11
694,Kaushambi,"25.5398,81.3855","14,50,922",Uttar Pradesh,33.50,1.88,1.15
695,Kheri,"27.9507,80.7762","38,59,332",Uttar Pradesh,"1,234.13",16.07,-27.66
696,Kushinagar,"26.9038,83.8906","33,60,319",Uttar Pradesh,35.17,1.21,-0.93
697,Lalitpur,"24.6869,78.4124","11,95,437",Uttar Pradesh,577.05,11.45,0
698,Lucknow,"26.8467,80.9462","13,84,046",Uttar Pradesh,401.26,15.87,2.62
699,Mahoba,"25.2921,79.8732","7,45,209",Uttar Pradesh,172.25,5.48,2.84
700,Mahrajganj,"27.1477,83.5658","29,04,901",Uttar Pradesh,426.17,14.44,-0.66
701,Mainpuri,"27.2289,79.0270","16,45,759",Uttar Pradesh,17.42,0.63,1.47
702,Mathura,"27.4924,77.6737","17,68,225",Uttar Pradesh,53.34,1.6,-2.15
703,Mau,"25.9452,83.5619","18,63,937",Uttar Pradesh,11.37,0.66,0
704,Meerut,"28.9845,77.7064","19,42,801",Uttar Pradesh,91.33,3.65,5.22
705,Mirzapur,"25.1378,82.5644","23,50,636",Uttar Pradesh,736.91,16.73,-2
706,MORADABAD,"28.8386,78.7733","22,96,014",Uttar Pradesh,17.73,0.88,0.82
707,Muzaffarnagar,"29.4705,77.7018","22,10,801",Uttar Pradesh,54.06,1.97,5.16
708,Pilibhit,"28.6254,79.8055","18,09,758",Uttar Pradesh,673.84,19.26,-21.61
709,Pratapgarh,"25.8943,81.9427","30,83,689",Uttar Pradesh,124.23,3.34,0.56
710,Prayagraj,"25.4358,81.8463","45,26,727",Uttar Pradesh,166.23,3.03,4.94
711,Rae Bareli,"26.2238,81.2410","28,44,907",Uttar Pradesh,89.82,2.73,3.8
712,RAMPUR,"28.8105,79.0269","20,12,105",Uttar Pradesh,68.99,2.92,-3.83
713,Saharanpur,"29.9644,77.5459","28,00,493",Uttar Pradesh,525,14.23,9.07
714,Sambhal,"28.5833,78.5670","20,26,166",Uttar Pradesh,12.47,0.5,2.79
715,Sant Kabir Nagar,"26.7725,83.0645","16,34,857",Uttar Pradesh,14.13,0.86,0
716,Shahjahanpur,"27.8815,79.9105","25,43,188",Uttar Pradesh,60.39,1.32,2.25
717,Shamli,"29.4475,77.3154","10,39,788",Uttar Pradesh,24.39,1.94,1.54
718,Shrawasti,"27.6881,81.9961","11,62,484",Uttar Pradesh,343.57,20.95,2.29
719,Siddharthnagar,"27.2796,82.9344","27,09,714",Uttar Pradesh,49.69,1.72,2.61
720,Sitapur,"27.5753,80.6787","42,46,801",Uttar Pradesh,201.17,3.5,-1.2
721,Sonbhadra,"24.6868,83.0594","17,18,018",Uttar Pradesh,2407.87,34.87,0.66
722,Sultanpur,"26.2625,82.0734","24,94,853",Uttar Pradesh,137.52,5.13,-7.55
723,UNNAO,"26.5447,80.4908","28,01,067",Uttar Pradesh,274.38,6.02,2.24
724,Varanasi,"25.3176,82.9739","21,36,730",Uttar Pradesh,16.49,1.07,0
725,Almora,"29.5967,79.6583","6,20,492",Uttrakhand,"1,722.96",54.8,4.09
726,Bageshwar,"29.8436,79.7719","2,46,253",Uttrakhand,"1,263.37",56.38,-2.36
727,Chamoli,"30.4042,79.3293","3,67,504",Uttrakhand,2641.3,32.89,-9.36
728,Champawat,"29.3338,80.0917","2,42,881",Uttrakhand,"1,219.39",69.06,-3.28
729,Dehradun,"30.3165,78.0322","6,65,853",Uttrakhand,"1,640.30",53.12,4.67
730,Haridwar,"29.9457,78.1642","13,62,385",Uttrakhand,"3,360.55",63.07,0.58
731,Nainital,"29.3919,79.4542","5,47,679",Uttrakhand,564.76,23.93,-2.47
732,Pauri Garhwal,"30.1534,78.7752","5,04,666",Uttrakhand,"2,866.55",67.43,0.77
733,PITHORAGARH,"29.5832,80.2181","4,14,126",Uttrakhand,"2,137.33",30.15,0.68
734,Rudra Prayag,"30.2845,78.9814","2,46,789",Uttrakhand,"1,146.61",57.79,-3.23
735,Tehri Garhwal,"30.3781,78.4841","6,45,949",Uttrakhand,2222.68,61.03,8.87
736,Udam Singh Nagar,"28.9734,79.4043","9,52,333",Uttrakhand,494.17,19.44,-11.29
737,Uttar Kashi,"30.7266,78.4519","3,21,626",Uttrakhand,"3,023.86",37.72,-10.65
738,Alipurduar,"26.4855,89.5293","16,65,742",West Bengal,"1,549.37",55.31,12.42
739,Bankura,"23.2384,87.0717","33,98,533",West Bengal,"1,308.78",19.02,41.18
740,Birbhum,"23.9092,87.5255","34,29,226",West Bengal,186.54,4.1,2.34
741,Cooch Behar,"26.3275,89.4475","27,65,504",West Bengal,362.84,10.71,-1.39
742,Dakshin Dinajpur,"25.2217,88.7663","14,61,774",West Bengal,81.94,3.69,-0.06
743,Darjeeling,"27.0410,88.2663","14,11,269",West Bengal,"1,402.57",68.28,-2.82
744,Hooghly,"22.9032,88.3915","42,61,625",West Bengal,155.53,4.94,-1.54
745,Howrah,"22.5958,88.2636","30,78,957",West Bengal,291.61,19.88,-14.36
746,Jalpaiguri,"26.5252,88.7233","31,19,329",West Bengal,"1,278.78",37.33,1.35
747,Jhargram,"22.4508,86.9855","14,91,778",West Bengal,882.74,28.5,12.83
748,Kalimpong,"27.0612,88.4695","2,69,371",West Bengal,933.57,85.26,0.37
749,Kolkata,"22.5726,88.3639","44,96,694",West Bengal,1.84,0.99,0.55
750,Malda,"25.0049,88.1449","44,21,589",West Bengal,508.96,13.63,20.87
751,Murshidabad,"24.1824,88.2647","70,53,270",West Bengal,340.01,6.39,-2.86
752,Nadia,"23.4027,88.4905","45,84,715",West Bengal,465.54,11.85,0.26
753,North 24 Parganas,"22.7194,88.4815","65,20,905",West Bengal,702.03,17,-5.95
754,Paschim Bardhaman,"23.6769,86.9535","11,52,637",West Bengal,191.18,11,0.12
755,Paschim Medinipur,"22.4257,87.3204","46,64,481",West Bengal,"1,311.97",20.92,29.61
756,Purba Bardhaman,"23.2359,87.8631","43,08,242",West Bengal,149.21,2.86,1.51
757,Purba Medinipur,"22.3020,87.9208","52,10,183",West Bengal,790.02,16.76,-16.30
758,Purulia,"23.3333,86.3667","28,57,064",West Bengal,934.52,14.93,3.94
759,South 24 Parganas,"22.5222,88.3335","79,66,797",West Bengal,"2,770.06",27.81,-28.21
746,Uttar Dinajpur,"25.6172,88.1235","29,60,404",West Bengal,232.72,7.41,-3.64